Year,GEO,UOM,Variable,decile,value
96,Iran,Price of food items per kg ,Meat,9,364616.8092
96,Iran,Price of food items per kg ,Sugar,9,102027.9119
96,Iran,Price of food items per kg ,Fish,9,187090.0089
96,Iran,Price of food items per kg ,Yogurt,9,33371.73349
96,Iran,Price of food items per kg ,Fruit,9,37577.85312
96,Iran,Price of food items per kg ,Chicken,9,73699.88729
96,Iran,Price of food items per kg ,Bread,9,19140.4157
96,Iran,Price of food items per kg ,Milk,9,29093.5643
96,Iran,Price of food items per kg ,Meat,4,367683.4912
96,Iran,Price of food items per kg ,Rice,4,67561.28194
96,Iran,Price of food items per kg ,Sugar,4,81766.69594
96,Iran,Price of food items per kg ,Yogurt,4,32751.28886
96,Iran,Price of food items per kg ,Fruit,4,32839.79877
96,Iran,Price of food items per kg ,Chicken,4,70923.49047
96,Iran,Price of food items per kg ,Bread,4,17936.30694
96,Iran,Price of food items per kg ,Milk,4,27951.21177
96,Iran,Price of food items per kg ,Meat,6,367312.6818
96,Iran,Price of food items per kg ,Rice,6,71102.16796
96,Iran,Price of food items per kg ,Sugar,6,90225.03842
96,Iran,Price of food items per kg ,Fruit,6,35699.77967
96,Iran,Price of food items per kg ,Chicken,6,72145.36881
96,Iran,Price of food items per kg ,Bread,6,18340.12482
96,Iran,Price of food items per kg ,Milk,6,27250.59301
96,Iran,Price of food items per kg ,Meat,7,366713.2428
96,Iran,Price of food items per kg ,Rice,7,72955.97445
96,Iran,Price of food items per kg ,Sugar,7,90146.02185
96,Iran,Price of food items per kg ,Fruit,7,35228.72134
96,Iran,Price of food items per kg ,Chicken,7,72507.00133
96,Iran,Price of food items per kg ,Bread,7,18750.89979
96,Iran,Price of food items per kg ,Milk,7,28290.34427
96,Iran,Price of food items per kg ,Rice,9,78589.3292
96,Iran,Price of food items per kg ,Meat,5,369629.9982
96,Iran,Price of food items per kg ,Sugar,5,83583.24806
96,Iran,Price of food items per kg ,Fish,5,185743.4769
96,Iran,Price of food items per kg ,Yogurt,5,32638.58718
96,Iran,Price of food items per kg ,Fruit,5,34047.04067
96,Iran,Price of food items per kg ,Chicken,5,71257.05567
96,Iran,Price of food items per kg ,Bread,5,18178.33221
96,Iran,Price of food items per kg ,Meat,8,368131.4117
96,Iran,Price of food items per kg ,Rice,8,75862.77067
96,Iran,Price of food items per kg ,Sugar,8,95137.27028
96,Iran,Price of food items per kg ,Fish,8,186300.7631
96,Iran,Price of food items per kg ,Yogurt,8,32750.10137
96,Iran,Price of food items per kg ,Fruit,8,36580.14422
96,Iran,Price of food items per kg ,Chicken,8,72530.26173
96,Iran,Price of food items per kg ,Bread,8,18988.25967
96,Iran,Price of food items per kg ,Fish,7,189853.6946
96,Iran,Price of food items per kg ,Yogurt,7,32745.69445
96,Iran,Price of food items per kg ,Meat,3,370547.2563
96,Iran,Price of food items per kg ,Sugar,3,78702.51329
96,Iran,Price of food items per kg ,Fish,3,194752.3886
96,Iran,Price of food items per kg ,Fruit,3,32534.95081
96,Iran,Price of food items per kg ,Chicken,3,70510.50862
96,Iran,Price of food items per kg ,Bread,3,17935.74292
96,Iran,Price of food items per kg ,Milk,3,27594.69926
96,Iran,Price of food items per kg ,Meat,10,372581.3881
96,Iran,Price of food items per kg ,Rice,10,87869.02805
96,Iran,Price of food items per kg ,Sugar,10,124666.2475
96,Iran,Price of food items per kg ,Fish,10,199035.2719
96,Iran,Price of food items per kg ,Yogurt,10,34190.89072
96,Iran,Price of food items per kg ,Fruit,10,42108.11485
96,Iran,Price of food items per kg ,Chicken,10,76742.70091
96,Iran,Price of food items per kg ,Bread,10,20384.10049
96,Iran,Price of food items per kg ,Milk,10,26693.8032
96,Iran,Price of food items per kg ,Milk,8,25806.91673
96,Iran,Price of food items per kg ,Meat,2,364305.0101
96,Iran,Price of food items per kg ,Sugar,2,75811.56964
96,Iran,Price of food items per kg ,Fruit,2,32013.93709
96,Iran,Price of food items per kg ,Chicken,2,68935.04914
96,Iran,Price of food items per kg ,Bread,2,17723.1301
96,Iran,Price of food items per kg ,Milk,2,26615.62463
96,Iran,Price of food items per kg ,Milk,5,27288.63088
96,Iran,Price of food items per kg ,Rice,5,69810.70268
96,Iran,Price of food items per kg ,Fish,6,189690.3151
96,Iran,Price of food items per kg ,Yogurt,6,32532.17162
96,Iran,Price of food items per kg ,Yogurt,2,32105.89522
96,Iran,Price of food items per kg ,Fish,2,181851.8842
96,Iran,Price of food items per kg ,Rice,3,68511.43872
96,Iran,Price of food items per kg ,Yogurt,3,32684.92775
96,Iran,Price of food items per kg ,Fish,4,189069.082
96,Iran,Price of food items per kg ,Meat,1,362405.4099
96,Iran,Price of food items per kg ,Sugar,1,69213.91875
96,Iran,Price of food items per kg ,Fruit,1,29989.61301
96,Iran,Price of food items per kg ,Chicken,1,68672.81768
96,Iran,Price of food items per kg ,Bread,1,17075.04326
96,Iran,Price of food items per kg ,Rice,1,61813.54212
96,Iran,Price of food items per kg ,Rice,2,63903.91137
96,Iran,Price of food items per kg ,Milk,1,27239.05792
96,Iran,Price of food items per kg ,Fish,1,192217.2934
96,Iran,Price of food items per kg ,Yogurt,1,32774.9435
95,Iran,Price of food items per kg ,Meat,1,296872.1118
95,Iran,Price of food items per kg ,Rice,1,52544.7149
95,Iran,Price of food items per kg ,Yogurt,1,30589.43963
95,Iran,Price of food items per kg ,Fruit,1,28655.85759
95,Iran,Price of food items per kg ,Chicken,1,62325.30547
95,Iran,Price of food items per kg ,Bread,1,16536.54039
95,Iran,Price of food items per kg ,Milk,1,25673.55577
95,Iran,Price of food items per kg ,Sugar,1,57640.19939
95,Iran,Price of food items per kg ,Meat,5,304998.7085
95,Iran,Price of food items per kg ,Sugar,5,77980.00948
95,Iran,Price of food items per kg ,Fish,5,174785.2102
95,Iran,Price of food items per kg ,Yogurt,5,30275.99177
95,Iran,Price of food items per kg ,Fruit,5,31850.47109
95,Iran,Price of food items per kg ,Bread,5,17535.11409
95,Iran,Price of food items per kg ,Milk,5,26237.66227
95,Iran,Price of food items per kg ,Meat,3,304890.9839
95,Iran,Price of food items per kg ,Sugar,3,69137.38227
95,Iran,Price of food items per kg ,Yogurt,3,30194.46759
95,Iran,Price of food items per kg ,Fruit,3,29949.90186
95,Iran,Price of food items per kg ,Chicken,3,63851.69516
95,Iran,Price of food items per kg ,Bread,3,17290.12783
95,Iran,Price of food items per kg ,Milk,3,24482.71398
95,Iran,Price of food items per kg ,Fish,4,175502.2984
95,Iran,Price of food items per kg ,Yogurt,4,30178.06026
95,Iran,Price of food items per kg ,Fruit,4,30636.35744
95,Iran,Price of food items per kg ,Chicken,4,63827.26204
95,Iran,Price of food items per kg ,Bread,4,17337.82487
95,Iran,Price of food items per kg ,Milk,4,25274.39753
95,Iran,Price of food items per kg ,Sugar,10,107583.1809
95,Iran,Price of food items per kg ,Fish,10,192728.2397
95,Iran,Price of food items per kg ,Yogurt,10,32393.36575
95,Iran,Price of food items per kg ,Fruit,10,39723.46636
95,Iran,Price of food items per kg ,Bread,10,19309.94185
95,Iran,Price of food items per kg ,Milk,10,24526.74567
95,Iran,Price of food items per kg ,Meat,6,300383.7164
95,Iran,Price of food items per kg ,Sugar,6,76286.71701
95,Iran,Price of food items per kg ,Yogurt,6,30163.3831
95,Iran,Price of food items per kg ,Fruit,6,32368.04532
95,Iran,Price of food items per kg ,Chicken,6,66655.99022
95,Iran,Price of food items per kg ,Bread,6,17359.22773
95,Iran,Price of food items per kg ,Milk,6,24750.37951
95,Iran,Price of food items per kg ,Meat,7,304183.4235
95,Iran,Price of food items per kg ,Sugar,7,81256.38208
95,Iran,Price of food items per kg ,Fish,7,182860.1958
95,Iran,Price of food items per kg ,Fruit,7,33404.8239
95,Iran,Price of food items per kg ,Chicken,7,67216.77967
95,Iran,Price of food items per kg ,Bread,7,17493.14927
95,Iran,Price of food items per kg ,Milk,7,26139.68707
95,Iran,Price of food items per kg ,Meat,8,307297.7055
95,Iran,Price of food items per kg ,Rice,8,64370.54593
95,Iran,Price of food items per kg ,Sugar,8,87348.38421
95,Iran,Price of food items per kg ,Fish,8,186289.3821
95,Iran,Price of food items per kg ,Fruit,8,34078.57615
95,Iran,Price of food items per kg ,Chicken,8,67106.03937
95,Iran,Price of food items per kg ,Bread,8,17809.38243
95,Iran,Price of food items per kg ,Milk,8,24656.64534
95,Iran,Price of food items per kg ,Rice,7,61951.78548
95,Iran,Price of food items per kg ,Yogurt,7,30447.20205
95,Iran,Price of food items per kg ,Sugar,4,76596.08073
95,Iran,Price of food items per kg ,Meat,10,310752.2729
95,Iran,Price of food items per kg ,Rice,10,76404.42913
95,Iran,Price of food items per kg ,Chicken,10,72596.43505
95,Iran,Price of food items per kg ,Fish,6,172471.0905
95,Iran,Price of food items per kg ,Meat,9,306748.8233
95,Iran,Price of food items per kg ,Rice,9,68250.75436
95,Iran,Price of food items per kg ,Sugar,9,91481.27482
95,Iran,Price of food items per kg ,Fish,9,187915.9543
95,Iran,Price of food items per kg ,Yogurt,9,31064.8321
95,Iran,Price of food items per kg ,Fruit,9,35989.8936
95,Iran,Price of food items per kg ,Chicken,9,69265.79583
95,Iran,Price of food items per kg ,Bread,9,17998.90901
95,Iran,Price of food items per kg ,Yogurt,8,30938.83503
95,Iran,Price of food items per kg ,Chicken,5,65523.88741
95,Iran,Price of food items per kg ,Rice,5,59895.6839
95,Iran,Price of food items per kg ,Milk,9,24267.64239
95,Iran,Price of food items per kg ,Meat,4,301241.2109
95,Iran,Price of food items per kg ,Rice,6,59623.37367
95,Iran,Price of food items per kg ,Fish,1,177452.8662
95,Iran,Price of food items per kg ,Rice,3,56338.98343
95,Iran,Price of food items per kg ,Rice,4,58520.99919
95,Iran,Price of food items per kg ,Meat,2,304670.8259
95,Iran,Price of food items per kg ,Rice,2,54881.26605
95,Iran,Price of food items per kg ,Sugar,2,65987.06892
95,Iran,Price of food items per kg ,Yogurt,2,30362.49998
95,Iran,Price of food items per kg ,Fruit,2,29363.53086
95,Iran,Price of food items per kg ,Chicken,2,63940.02803
95,Iran,Price of food items per kg ,Bread,2,17038.96434
95,Iran,Price of food items per kg ,Fish,3,175466.4887
95,Iran,Price of food items per kg ,Fish,2,174396.2477
95,Iran,Price of food items per kg ,Milk,2,25008.72901
94,Iran,Price of food items per kg ,Meat,4,277140.8275
94,Iran,Price of food items per kg ,Sugar,4,62200.53129
94,Iran,Price of food items per kg ,Yogurt,4,29558.07401
94,Iran,Price of food items per kg ,Fruit,4,29905.42779
94,Iran,Price of food items per kg ,Chicken,4,59485.7249
94,Iran,Price of food items per kg ,Bread,4,16475.65915
94,Iran,Price of food items per kg ,Milk,4,22050.29207
94,Iran,Price of food items per kg ,Meat,9,276586.2854
94,Iran,Price of food items per kg ,Sugar,9,77667.08821
94,Iran,Price of food items per kg ,Fish,9,180008.413
94,Iran,Price of food items per kg ,Yogurt,9,29897.05724
94,Iran,Price of food items per kg ,Fruit,9,33856.23427
94,Iran,Price of food items per kg ,Bread,9,16667.71087
94,Iran,Price of food items per kg ,Milk,9,23968.59841
94,Iran,Price of food items per kg ,Meat,1,271920.8698
94,Iran,Price of food items per kg ,Sugar,1,48439.96829
94,Iran,Price of food items per kg ,Fruit,1,27773.26407
94,Iran,Price of food items per kg ,Bread,1,16068.55835
94,Iran,Price of food items per kg ,Milk,1,21816.59172
94,Iran,Price of food items per kg ,Rice,1,47537.13633
94,Iran,Price of food items per kg ,Yogurt,1,28936.14144
94,Iran,Price of food items per kg ,Meat,5,277270.2803
94,Iran,Price of food items per kg ,Sugar,5,64664.19427
94,Iran,Price of food items per kg ,Yogurt,5,29321.31288
94,Iran,Price of food items per kg ,Fruit,5,30707.04016
94,Iran,Price of food items per kg ,Chicken,5,60101.39318
94,Iran,Price of food items per kg ,Bread,5,16572.4643
94,Iran,Price of food items per kg ,Milk,5,24033.96372
94,Iran,Price of food items per kg ,Meat,7,275054.1076
94,Iran,Price of food items per kg ,Sugar,7,68861.80897
94,Iran,Price of food items per kg ,Fish,7,176119.3581
94,Iran,Price of food items per kg ,Yogurt,7,29650.02508
94,Iran,Price of food items per kg ,Fruit,7,32227.51277
94,Iran,Price of food items per kg ,Chicken,7,60654.20518
94,Iran,Price of food items per kg ,Bread,7,16720.20688
94,Iran,Price of food items per kg ,Milk,7,23386.58916
94,Iran,Price of food items per kg ,Meat,10,274923.7865
94,Iran,Price of food items per kg ,Rice,10,61654.96978
94,Iran,Price of food items per kg ,Sugar,10,93605.08128
94,Iran,Price of food items per kg ,Fish,10,189804.7329
94,Iran,Price of food items per kg ,Yogurt,10,30976.522
94,Iran,Price of food items per kg ,Fruit,10,36442.63617
94,Iran,Price of food items per kg ,Chicken,10,65921.46707
94,Iran,Price of food items per kg ,Bread,10,17350.44234
94,Iran,Price of food items per kg ,Milk,10,23872.53723
94,Iran,Price of food items per kg ,Rice,9,57951.10888
94,Iran,Price of food items per kg ,Chicken,9,62477.09645
94,Iran,Price of food items per kg ,Meat,6,278697.8515
94,Iran,Price of food items per kg ,Rice,6,53425.1614
94,Iran,Price of food items per kg ,Sugar,6,66170.06801
94,Iran,Price of food items per kg ,Fish,6,172255.5214
94,Iran,Price of food items per kg ,Fruit,6,30849.9065
94,Iran,Price of food items per kg ,Bread,6,16425.12017
94,Iran,Price of food items per kg ,Milk,6,23291.39875
94,Iran,Price of food items per kg ,Meat,8,273497.7887
94,Iran,Price of food items per kg ,Sugar,8,73936.64385
94,Iran,Price of food items per kg ,Yogurt,8,29695.28825
94,Iran,Price of food items per kg ,Fruit,8,31930.03493
94,Iran,Price of food items per kg ,Chicken,8,61746.74534
94,Iran,Price of food items per kg ,Bread,8,16320.77806
94,Iran,Price of food items per kg ,Milk,8,24448.45323
94,Iran,Price of food items per kg ,Yogurt,6,29761.7722
94,Iran,Price of food items per kg ,Chicken,6,60650.89067
94,Iran,Price of food items per kg ,Meat,3,275880.9638
94,Iran,Price of food items per kg ,Fish,3,169880.6561
94,Iran,Price of food items per kg ,Yogurt,3,29235.6055
94,Iran,Price of food items per kg ,Fruit,3,29357.98045
94,Iran,Price of food items per kg ,Bread,3,16165.92004
94,Iran,Price of food items per kg ,Milk,3,22983.38544
94,Iran,Price of food items per kg ,Rice,7,54635.56183
94,Iran,Price of food items per kg ,Sugar,3,57820.34476
94,Iran,Price of food items per kg ,Chicken,3,58784.14061
94,Iran,Price of food items per kg ,Rice,8,55284.54333
94,Iran,Price of food items per kg ,Fish,8,174048.7043
94,Iran,Price of food items per kg ,Meat,2,277772.2998
94,Iran,Price of food items per kg ,Sugar,2,53408.43893
94,Iran,Price of food items per kg ,Fruit,2,28702.88516
94,Iran,Price of food items per kg ,Bread,2,16232.79933
94,Iran,Price of food items per kg ,Milk,2,24128.77207
94,Iran,Price of food items per kg ,Rice,3,51701.12907
94,Iran,Price of food items per kg ,Rice,4,51361.71359
94,Iran,Price of food items per kg ,Yogurt,2,28998.0472
94,Iran,Price of food items per kg ,Chicken,2,58535.91457
94,Iran,Price of food items per kg ,Rice,2,49590.15838
94,Iran,Price of food items per kg ,Chicken,1,58038.25637
94,Iran,Price of food items per kg ,Fish,4,170942.5035
94,Iran,Price of food items per kg ,Rice,5,52215.62323
94,Iran,Price of food items per kg ,Fish,2,169926.49
94,Iran,Price of food items per kg ,Fish,1,182212.8153
94,Iran,Price of food items per kg ,Fish,5,174140.6526
93,Iran,Price of food items per kg ,Meat,3,264924.1599
93,Iran,Price of food items per kg ,Rice,3,50480.73774
93,Iran,Price of food items per kg ,Yogurt,3,26871.95283
93,Iran,Price of food items per kg ,Fruit,3,27511.08852
93,Iran,Price of food items per kg ,Bread,3,13402.94871
93,Iran,Price of food items per kg ,Milk,3,21474.95065
93,Iran,Price of food items per kg ,Meat,1,262703.3344
93,Iran,Price of food items per kg ,Rice,1,46036.30335
93,Iran,Price of food items per kg ,Yogurt,1,26728.01348
93,Iran,Price of food items per kg ,Fruit,1,25536.02257
93,Iran,Price of food items per kg ,Chicken,1,62699.34677
93,Iran,Price of food items per kg ,Bread,1,13440.28494
93,Iran,Price of food items per kg ,Milk,1,19958.94746
93,Iran,Price of food items per kg ,Chicken,3,62254.85541
93,Iran,Price of food items per kg ,Meat,9,260609.366
93,Iran,Price of food items per kg ,Rice,9,55843.56549
93,Iran,Price of food items per kg ,Fish,9,173176.6104
93,Iran,Price of food items per kg ,Yogurt,9,27594.88081
93,Iran,Price of food items per kg ,Fruit,9,31156.156
93,Iran,Price of food items per kg ,Chicken,9,65860.78481
93,Iran,Price of food items per kg ,Bread,9,13729.16211
93,Iran,Price of food items per kg ,Milk,9,21464.86358
93,Iran,Price of food items per kg ,Sugar,1,41560.01611
93,Iran,Price of food items per kg ,Meat,5,263113.5554
93,Iran,Price of food items per kg ,Fish,5,161036.0384
93,Iran,Price of food items per kg ,Yogurt,5,26942.28358
93,Iran,Price of food items per kg ,Fruit,5,28182.01414
93,Iran,Price of food items per kg ,Chicken,5,63253.35418
93,Iran,Price of food items per kg ,Bread,5,13448.30489
93,Iran,Price of food items per kg ,Milk,5,21809.03886
93,Iran,Price of food items per kg ,Meat,6,263458.2585
93,Iran,Price of food items per kg ,Rice,6,52906.25488
93,Iran,Price of food items per kg ,Sugar,6,60003.44082
93,Iran,Price of food items per kg ,Fish,6,162538.9233
93,Iran,Price of food items per kg ,Yogurt,6,27188.99218
93,Iran,Price of food items per kg ,Fruit,6,28453.82136
93,Iran,Price of food items per kg ,Chicken,6,63897.05064
93,Iran,Price of food items per kg ,Bread,6,13364.69395
93,Iran,Price of food items per kg ,Milk,6,21683.71849
93,Iran,Price of food items per kg ,Meat,8,259264.9066
93,Iran,Price of food items per kg ,Yogurt,8,27194.33144
93,Iran,Price of food items per kg ,Fruit,8,29821.86596
93,Iran,Price of food items per kg ,Chicken,8,65155.02326
93,Iran,Price of food items per kg ,Bread,8,13333.86565
93,Iran,Price of food items per kg ,Milk,8,21353.59859
93,Iran,Price of food items per kg ,Rice,2,48100.67982
93,Iran,Price of food items per kg ,Sugar,2,49628.55231
93,Iran,Price of food items per kg ,Fish,2,159685.3289
93,Iran,Price of food items per kg ,Yogurt,2,27054.01456
93,Iran,Price of food items per kg ,Fruit,2,26512.26437
93,Iran,Price of food items per kg ,Bread,2,13401.73956
93,Iran,Price of food items per kg ,Milk,2,22940.95003
93,Iran,Price of food items per kg ,Meat,2,266134.911
93,Iran,Price of food items per kg ,Chicken,2,61706.33031
93,Iran,Price of food items per kg ,Rice,5,51765.49623
93,Iran,Price of food items per kg ,Sugar,5,56430.38642
93,Iran,Price of food items per kg ,Meat,10,260542.0859
93,Iran,Price of food items per kg ,Rice,10,58029.07813
93,Iran,Price of food items per kg ,Sugar,10,80237.98324
93,Iran,Price of food items per kg ,Fruit,10,33185.19005
93,Iran,Price of food items per kg ,Chicken,10,67831.15874
93,Iran,Price of food items per kg ,Bread,10,14053.00831
93,Iran,Price of food items per kg ,Milk,10,22369.51996
93,Iran,Price of food items per kg ,Meat,7,262587.9635
93,Iran,Price of food items per kg ,Fruit,7,29091.60566
93,Iran,Price of food items per kg ,Chicken,7,64988.31525
93,Iran,Price of food items per kg ,Bread,7,13183.43766
93,Iran,Price of food items per kg ,Milk,7,21292.70944
93,Iran,Price of food items per kg ,Meat,4,266463.1408
93,Iran,Price of food items per kg ,Sugar,4,56591.39619
93,Iran,Price of food items per kg ,Yogurt,4,26728.17837
93,Iran,Price of food items per kg ,Fruit,4,27229.84277
93,Iran,Price of food items per kg ,Chicken,4,62654.37149
93,Iran,Price of food items per kg ,Bread,4,13427.11373
93,Iran,Price of food items per kg ,Milk,4,20711.16076
93,Iran,Price of food items per kg ,Sugar,9,71128.22997
93,Iran,Price of food items per kg ,Rice,7,53724.8258
93,Iran,Price of food items per kg ,Sugar,7,60905.9889
93,Iran,Price of food items per kg ,Yogurt,7,27326.60744
93,Iran,Price of food items per kg ,Fish,7,162724.9982
93,Iran,Price of food items per kg ,Rice,8,53882.10697
93,Iran,Price of food items per kg ,Sugar,8,64435.97404
93,Iran,Price of food items per kg ,Rice,4,51234.24484
93,Iran,Price of food items per kg ,Sugar,3,52664.75084
93,Iran,Price of food items per kg ,Fish,8,163666.4271
93,Iran,Price of food items per kg ,Fish,10,180178.8079
93,Iran,Price of food items per kg ,Yogurt,10,28256.27628
93,Iran,Price of food items per kg ,Fish,4,157388.9043
93,Iran,Price of food items per kg ,Fish,1,174874.815
93,Iran,Price of food items per kg ,Fish,3,164212.307
92,Iran,Price of food items per kg ,Meat,4,257949.9103
92,Iran,Price of food items per kg ,Sugar,4,46903.396
92,Iran,Price of food items per kg ,Yogurt,4,24236.18616
92,Iran,Price of food items per kg ,Fruit,4,23539.74356
92,Iran,Price of food items per kg ,Chicken,4,59707.81707
92,Iran,Price of food items per kg ,Bread,4,12358.21406
92,Iran,Price of food items per kg ,Milk,4,18504.4332
92,Iran,Price of food items per kg ,Fruit,2,23676.73168
92,Iran,Price of food items per kg ,Bread,2,12659.29011
92,Iran,Price of food items per kg ,Milk,2,19511.27742
92,Iran,Price of food items per kg ,Meat,8,256394.2766
92,Iran,Price of food items per kg ,Chicken,8,60903.44564
92,Iran,Price of food items per kg ,Bread,8,12448.67651
92,Iran,Price of food items per kg ,Milk,8,19492.04375
92,Iran,Price of food items per kg ,Rice,4,47972.77561
92,Iran,Price of food items per kg ,Meat,10,252879.9938
92,Iran,Price of food items per kg ,Rice,10,53407.99054
92,Iran,Price of food items per kg ,Sugar,10,69032.20051
92,Iran,Price of food items per kg ,Yogurt,10,25330.33015
92,Iran,Price of food items per kg ,Fruit,10,29008.78869
92,Iran,Price of food items per kg ,Chicken,10,62762.60083
92,Iran,Price of food items per kg ,Bread,10,12454.29674
92,Iran,Price of food items per kg ,Milk,10,19694.5289
92,Iran,Price of food items per kg ,Meat,7,255219.0532
92,Iran,Price of food items per kg ,Sugar,7,52550.92608
92,Iran,Price of food items per kg ,Yogurt,7,24615.38125
92,Iran,Price of food items per kg ,Fruit,7,25278.61802
92,Iran,Price of food items per kg ,Bread,7,12053.5395
92,Iran,Price of food items per kg ,Rice,7,48915.83418
92,Iran,Price of food items per kg ,Milk,7,20046.89138
92,Iran,Price of food items per kg ,Meat,5,257458.3405
92,Iran,Price of food items per kg ,Rice,5,47981.73755
92,Iran,Price of food items per kg ,Fish,5,138771.5201
92,Iran,Price of food items per kg ,Fruit,5,24542.48439
92,Iran,Price of food items per kg ,Chicken,5,59837.20208
92,Iran,Price of food items per kg ,Bread,5,12239.38382
92,Iran,Price of food items per kg ,Milk,5,18360.18034
92,Iran,Price of food items per kg ,Fish,7,143655.1878
92,Iran,Price of food items per kg ,Fish,4,133782.86
92,Iran,Price of food items per kg ,Fish,10,157425.6257
92,Iran,Price of food items per kg ,Sugar,5,49627.38318
92,Iran,Price of food items per kg ,Yogurt,5,24747.84073
92,Iran,Price of food items per kg ,Meat,9,253179.4467
92,Iran,Price of food items per kg ,Sugar,9,60875.15729
92,Iran,Price of food items per kg ,Yogurt,9,24390.53318
92,Iran,Price of food items per kg ,Fruit,9,26453.01224
92,Iran,Price of food items per kg ,Chicken,9,61948.51239
92,Iran,Price of food items per kg ,Bread,9,12155.19643
92,Iran,Price of food items per kg ,Milk,9,18781.95019
92,Iran,Price of food items per kg ,Rice,9,51433.81285
92,Iran,Price of food items per kg ,Chicken,2,58157.1153
92,Iran,Price of food items per kg ,Chicken,7,61185.02412
92,Iran,Price of food items per kg ,Meat,6,258281.805
92,Iran,Price of food items per kg ,Sugar,6,50032.00058
92,Iran,Price of food items per kg ,Fish,6,142131.6666
92,Iran,Price of food items per kg ,Fruit,6,24339.27826
92,Iran,Price of food items per kg ,Bread,6,12214.48009
92,Iran,Price of food items per kg ,Milk,6,19133.43589
92,Iran,Price of food items per kg ,Sugar,8,55688.63042
92,Iran,Price of food items per kg ,Yogurt,8,24856.72682
92,Iran,Price of food items per kg ,Fruit,8,25928.99115
92,Iran,Price of food items per kg ,Yogurt,1,24282.51264
92,Iran,Price of food items per kg ,Bread,1,13075.5707
92,Iran,Price of food items per kg ,Milk,1,18150.13026
92,Iran,Price of food items per kg ,Yogurt,6,24434.4649
92,Iran,Price of food items per kg ,Meat,3,257610.6772
92,Iran,Price of food items per kg ,Rice,3,46461.20625
92,Iran,Price of food items per kg ,Fish,3,132383.2415
92,Iran,Price of food items per kg ,Fruit,3,23133.32695
92,Iran,Price of food items per kg ,Chicken,3,58342.67641
92,Iran,Price of food items per kg ,Bread,3,12404.1273
92,Iran,Price of food items per kg ,Milk,3,19515.16677
92,Iran,Price of food items per kg ,Chicken,6,60176.56173
92,Iran,Price of food items per kg ,Rice,2,45978.09164
92,Iran,Price of food items per kg ,Meat,2,257612.0899
92,Iran,Price of food items per kg ,Sugar,2,43386.60123
92,Iran,Price of food items per kg ,Meat,1,260253.2623
92,Iran,Price of food items per kg ,Fruit,1,22651.41864
92,Iran,Price of food items per kg ,Sugar,3,45151.59371
92,Iran,Price of food items per kg ,Fish,9,143997.0701
92,Iran,Price of food items per kg ,Rice,8,51028.58568
92,Iran,Price of food items per kg ,Rice,6,48803.83658
92,Iran,Price of food items per kg ,Yogurt,2,24155.68101
92,Iran,Price of food items per kg ,Sugar,1,35947.64813
92,Iran,Price of food items per kg ,Chicken,1,57185.11773
92,Iran,Price of food items per kg ,Yogurt,3,23809.08615
92,Iran,Price of food items per kg ,Rice,1,44673.4008
92,Iran,Price of food items per kg ,Fish,8,146153.1272
92,Iran,Price of food items per kg ,Fish,2,145076.2195
92,Iran,Price of food items per kg ,Fish,1,131073.2843
91,Iran,Price of food items per kg ,Rice,9,34735.02417
91,Iran,Price of food items per kg ,Fish,9,109735.2302
91,Iran,Price of food items per kg ,Fruit,9,19090.31793
91,Iran,Price of food items per kg ,Chicken,9,51379.41483
91,Iran,Price of food items per kg ,Bread,9,11558.65945
91,Iran,Price of food items per kg ,Milk,9,13487.61415
91,Iran,Price of food items per kg ,Meat,10,196043.8954
91,Iran,Price of food items per kg ,Sugar,10,51082.46277
91,Iran,Price of food items per kg ,Yogurt,10,20215.19542
91,Iran,Price of food items per kg ,Fruit,10,20847.44609
91,Iran,Price of food items per kg ,Chicken,10,52572.51797
91,Iran,Price of food items per kg ,Bread,10,11867.52255
91,Iran,Price of food items per kg ,Milk,10,14578.13871
91,Iran,Price of food items per kg ,Meat,9,194126.4984
91,Iran,Price of food items per kg ,Sugar,9,43770.20827
91,Iran,Price of food items per kg ,Yogurt,9,19801.44359
91,Iran,Price of food items per kg ,Sugar,7,38618.6924
91,Iran,Price of food items per kg ,Fruit,7,17864.327
91,Iran,Price of food items per kg ,Bread,7,11304.30272
91,Iran,Price of food items per kg ,Fruit,4,17098.83239
91,Iran,Price of food items per kg ,Chicken,4,50065.86286
91,Iran,Price of food items per kg ,Bread,4,11488.54526
91,Iran,Price of food items per kg ,Milk,4,14214.60172
91,Iran,Price of food items per kg ,Rice,10,37435.46294
91,Iran,Price of food items per kg ,Fish,10,116164.6975
91,Iran,Price of food items per kg ,Meat,4,187588.9478
91,Iran,Price of food items per kg ,Rice,4,30811.05898
91,Iran,Price of food items per kg ,Sugar,4,32428.47641
91,Iran,Price of food items per kg ,Yogurt,4,19392.93315
91,Iran,Price of food items per kg ,Meat,8,192001.6974
91,Iran,Price of food items per kg ,Rice,8,34149.79828
91,Iran,Price of food items per kg ,Sugar,8,41160.54968
91,Iran,Price of food items per kg ,Fish,8,109344.5412
91,Iran,Price of food items per kg ,Yogurt,8,19535.66673
91,Iran,Price of food items per kg ,Fruit,8,18267.55796
91,Iran,Price of food items per kg ,Chicken,8,51374.8417
91,Iran,Price of food items per kg ,Bread,8,11456.30119
91,Iran,Price of food items per kg ,Milk,8,13753.81578
91,Iran,Price of food items per kg ,Meat,5,188484.3647
91,Iran,Price of food items per kg ,Sugar,5,35901.97723
91,Iran,Price of food items per kg ,Fish,5,103992.1015
91,Iran,Price of food items per kg ,Yogurt,5,19206.75701
91,Iran,Price of food items per kg ,Fruit,5,17320.55428
91,Iran,Price of food items per kg ,Bread,5,11390.40003
91,Iran,Price of food items per kg ,Milk,5,13586.7915
91,Iran,Price of food items per kg ,Rice,5,32098.11313
91,Iran,Price of food items per kg ,Chicken,5,50062.85284
91,Iran,Price of food items per kg ,Rice,7,32399.23129
91,Iran,Price of food items per kg ,Yogurt,7,18982.2447
91,Iran,Price of food items per kg ,Milk,7,13683.59292
91,Iran,Price of food items per kg ,Meat,7,190186.6662
91,Iran,Price of food items per kg ,Chicken,7,50850.73541
91,Iran,Price of food items per kg ,Yogurt,6,19014.2107
91,Iran,Price of food items per kg ,Fruit,6,17463.75708
91,Iran,Price of food items per kg ,Milk,6,13209.73122
91,Iran,Price of food items per kg ,Meat,6,188629.6552
91,Iran,Price of food items per kg ,Rice,6,32335.57962
91,Iran,Price of food items per kg ,Sugar,6,35410.22335
91,Iran,Price of food items per kg ,Chicken,6,50789.17383
91,Iran,Price of food items per kg ,Bread,6,11519.64811
91,Iran,Price of food items per kg ,Sugar,3,31245.85302
91,Iran,Price of food items per kg ,Yogurt,3,19358.95858
91,Iran,Price of food items per kg ,Fruit,3,16644.97355
91,Iran,Price of food items per kg ,Chicken,3,50000.82134
91,Iran,Price of food items per kg ,Bread,3,11699.47212
91,Iran,Price of food items per kg ,Fish,7,107183.0806
91,Iran,Price of food items per kg ,Sugar,2,28674.12871
91,Iran,Price of food items per kg ,Fruit,2,16353.12979
91,Iran,Price of food items per kg ,Bread,2,11443.69716
91,Iran,Price of food items per kg ,Milk,2,13976.95669
91,Iran,Price of food items per kg ,Fish,6,108464.0287
91,Iran,Price of food items per kg ,Sugar,1,26078.23929
91,Iran,Price of food items per kg ,Bread,1,11702.61658
91,Iran,Price of food items per kg ,Fish,4,104576.7445
91,Iran,Price of food items per kg ,Yogurt,2,19078.39001
91,Iran,Price of food items per kg ,Meat,2,185816.6591
91,Iran,Price of food items per kg ,Chicken,2,49030.58163
91,Iran,Price of food items per kg ,Rice,2,29439.68778
91,Iran,Price of food items per kg ,Fish,2,105253.5001
91,Iran,Price of food items per kg ,Meat,1,184786.3184
91,Iran,Price of food items per kg ,Yogurt,1,18727.51113
91,Iran,Price of food items per kg ,Chicken,1,48187.39587
91,Iran,Price of food items per kg ,Milk,3,14328.38297
91,Iran,Price of food items per kg ,Fruit,1,15645.01438
91,Iran,Price of food items per kg ,Milk,1,13911.20526
91,Iran,Price of food items per kg ,Meat,3,188620.842
91,Iran,Price of food items per kg ,Rice,3,30576.61154
91,Iran,Price of food items per kg ,Rice,1,28953.9022
91,Iran,Price of food items per kg ,Fish,3,105464.3685
91,Iran,Price of food items per kg ,Fish,1,104354.9462
90,Iran,Price of food items per kg ,Sugar,4,24590.02942
90,Iran,Price of food items per kg ,Fruit,4,12213.45147
90,Iran,Price of food items per kg ,Bread,4,9223.736371
90,Iran,Price of food items per kg ,Milk,4,7391.654692
90,Iran,Price of food items per kg ,Meat,5,130252.2134
90,Iran,Price of food items per kg ,Rice,5,21910.3347
90,Iran,Price of food items per kg ,Sugar,5,26422.51104
90,Iran,Price of food items per kg ,Fruit,5,12584.85546
90,Iran,Price of food items per kg ,Chicken,5,32662.87757
90,Iran,Price of food items per kg ,Bread,5,9302.531952
90,Iran,Price of food items per kg ,Milk,5,7640.942177
90,Iran,Price of food items per kg ,Rice,7,21734.68534
90,Iran,Price of food items per kg ,Sugar,7,29283.63732
90,Iran,Price of food items per kg ,Fish,7,71703.08448
90,Iran,Price of food items per kg ,Yogurt,7,11981.77809
90,Iran,Price of food items per kg ,Fruit,7,13203.5343
90,Iran,Price of food items per kg ,Bread,7,9196.101165
90,Iran,Price of food items per kg ,Milk,7,8058.308141
90,Iran,Price of food items per kg ,Meat,3,128838.0878
90,Iran,Price of food items per kg ,Sugar,3,23553.82641
90,Iran,Price of food items per kg ,Fruit,3,11903.50362
90,Iran,Price of food items per kg ,Chicken,3,32262.48702
90,Iran,Price of food items per kg ,Bread,3,9349.908927
90,Iran,Price of food items per kg ,Milk,3,7820.780157
90,Iran,Price of food items per kg ,Fish,5,69720.56054
90,Iran,Price of food items per kg ,Yogurt,5,11973.39178
90,Iran,Price of food items per kg ,Chicken,7,33121.72744
90,Iran,Price of food items per kg ,Rice,2,19811.46273
90,Iran,Price of food items per kg ,Sugar,2,22216.95685
90,Iran,Price of food items per kg ,Fruit,2,11559.97491
90,Iran,Price of food items per kg ,Bread,2,9314.717818
90,Iran,Price of food items per kg ,Milk,2,7428.445822
90,Iran,Price of food items per kg ,Meat,10,134389.2198
90,Iran,Price of food items per kg ,Sugar,10,36428.09256
90,Iran,Price of food items per kg ,Fish,10,77261.79175
90,Iran,Price of food items per kg ,Fruit,10,14715.92173
90,Iran,Price of food items per kg ,Chicken,10,35118.91987
90,Iran,Price of food items per kg ,Bread,10,9235.715895
90,Iran,Price of food items per kg ,Milk,10,8366.756799
90,Iran,Price of food items per kg ,Meat,7,130974.9986
90,Iran,Price of food items per kg ,Sugar,8,30865.26542
90,Iran,Price of food items per kg ,Fruit,8,13691.02176
90,Iran,Price of food items per kg ,Bread,8,11570.90927
90,Iran,Price of food items per kg ,Meat,6,131713.136
90,Iran,Price of food items per kg ,Sugar,6,27659.64332
90,Iran,Price of food items per kg ,Fish,6,70027.45572
90,Iran,Price of food items per kg ,Fruit,6,12854.88594
90,Iran,Price of food items per kg ,Bread,6,9325.818884
90,Iran,Price of food items per kg ,Milk,6,8133.785284
90,Iran,Price of food items per kg ,Meat,9,132024.8312
90,Iran,Price of food items per kg ,Sugar,9,32606.58877
90,Iran,Price of food items per kg ,Yogurt,9,11775.09652
90,Iran,Price of food items per kg ,Fruit,9,13865.7132
90,Iran,Price of food items per kg ,Chicken,9,33936.45043
90,Iran,Price of food items per kg ,Bread,9,9117.12026
90,Iran,Price of food items per kg ,Milk,9,7919.700445
90,Iran,Price of food items per kg ,Fish,3,69607.98803
90,Iran,Price of food items per kg ,Meat,8,131979.8279
90,Iran,Price of food items per kg ,Chicken,8,33557.75083
90,Iran,Price of food items per kg ,Milk,8,8044.934208
90,Iran,Price of food items per kg ,Yogurt,3,11916.18535
90,Iran,Price of food items per kg ,Sugar,1,21172.0187
90,Iran,Price of food items per kg ,Fruit,1,11210.4997
90,Iran,Price of food items per kg ,Chicken,1,31381.30918
90,Iran,Price of food items per kg ,Bread,1,9483.403009
90,Iran,Price of food items per kg ,Milk,1,7163.440229
90,Iran,Price of food items per kg ,Rice,10,24245.43917
90,Iran,Price of food items per kg ,Yogurt,10,12189.31276
90,Iran,Price of food items per kg ,Rice,9,22742.15242
90,Iran,Price of food items per kg ,Rice,8,22336.95712
90,Iran,Price of food items per kg ,Fish,8,72709.18565
90,Iran,Price of food items per kg ,Yogurt,8,11887.15142
90,Iran,Price of food items per kg ,Fish,9,72536.23807
90,Iran,Price of food items per kg ,Chicken,4,32370.9889
90,Iran,Price of food items per kg ,Chicken,6,32848.48475
90,Iran,Price of food items per kg ,Rice,6,21407.55921
90,Iran,Price of food items per kg ,Meat,4,129772.363
90,Iran,Price of food items per kg ,Rice,4,20792.23777
90,Iran,Price of food items per kg ,Yogurt,4,12062.0121
90,Iran,Price of food items per kg ,Yogurt,6,11854.42382
90,Iran,Price of food items per kg ,Meat,1,120079.8785
90,Iran,Price of food items per kg ,Rice,1,19565.8062
90,Iran,Price of food items per kg ,Yogurt,1,11786.59988
90,Iran,Price of food items per kg ,Fish,4,72600.03769
90,Iran,Price of food items per kg ,Meat,2,127128.2212
90,Iran,Price of food items per kg ,Rice,3,20408.33797
90,Iran,Price of food items per kg ,Fish,1,71709.75242
90,Iran,Price of food items per kg ,Fish,2,71010.2616
90,Iran,Price of food items per kg ,Yogurt,2,11905.98935
90,Iran,Price of food items per kg ,Chicken,2,31997.46204
89,Iran,Price of food items per kg ,Meat,9,117193.3692
89,Iran,Price of food items per kg ,Sugar,9,27584.60438
89,Iran,Price of food items per kg ,Fruit,9,11879.66349
89,Iran,Price of food items per kg ,Chicken,9,30104.98552
89,Iran,Price of food items per kg ,Bread,9,4906.881338
89,Iran,Price of food items per kg ,Milk,9,5746.541897
89,Iran,Price of food items per kg ,Sugar,7,24503.12221
89,Iran,Price of food items per kg ,Fruit,7,11188.5927
89,Iran,Price of food items per kg ,Bread,7,4455.122085
89,Iran,Price of food items per kg ,Milk,7,5198.928249
89,Iran,Price of food items per kg ,Meat,6,115884.2638
89,Iran,Price of food items per kg ,Sugar,6,22394.5217
89,Iran,Price of food items per kg ,Chicken,6,29710.1285
89,Iran,Price of food items per kg ,Bread,6,4447.808635
89,Iran,Price of food items per kg ,Milk,6,5273.313489
89,Iran,Price of food items per kg ,Fish,6,59967.40127
89,Iran,Price of food items per kg ,Fruit,6,10871.30722
89,Iran,Price of food items per kg ,Rice,9,19144.19547
89,Iran,Price of food items per kg ,Fish,9,63021.17738
89,Iran,Price of food items per kg ,Yogurt,9,10068.0169
89,Iran,Price of food items per kg ,Sugar,3,20570.85055
89,Iran,Price of food items per kg ,Fruit,3,10188.15184
89,Iran,Price of food items per kg ,Bread,3,4064.263989
89,Iran,Price of food items per kg ,Milk,3,5768.415539
89,Iran,Price of food items per kg ,Sugar,10,30704.47593
89,Iran,Price of food items per kg ,Yogurt,10,10398.94664
89,Iran,Price of food items per kg ,Fruit,10,12975.81378
89,Iran,Price of food items per kg ,Bread,10,5446.532917
89,Iran,Price of food items per kg ,Meat,7,115561.4706
89,Iran,Price of food items per kg ,Yogurt,7,10158.80984
89,Iran,Price of food items per kg ,Meat,8,116457.0748
89,Iran,Price of food items per kg ,Rice,8,18827.56444
89,Iran,Price of food items per kg ,Fruit,8,11560.23161
89,Iran,Price of food items per kg ,Bread,8,4767.690422
89,Iran,Price of food items per kg ,Milk,8,5836.508572
89,Iran,Price of food items per kg ,Meat,10,118363.8195
89,Iran,Price of food items per kg ,Fish,10,66410.11961
89,Iran,Price of food items per kg ,Chicken,10,30886.12459
89,Iran,Price of food items per kg ,Milk,10,5849.599638
89,Iran,Price of food items per kg ,Rice,6,18009.94444
89,Iran,Price of food items per kg ,Yogurt,6,10169.17042
89,Iran,Price of food items per kg ,Rice,7,18662.36754
89,Iran,Price of food items per kg ,Fish,7,63541.80248
89,Iran,Price of food items per kg ,Chicken,7,29561.9738
89,Iran,Price of food items per kg ,Meat,4,115653.2839
89,Iran,Price of food items per kg ,Sugar,4,21332.25617
89,Iran,Price of food items per kg ,Yogurt,4,10074.07853
89,Iran,Price of food items per kg ,Fruit,4,10536.30771
89,Iran,Price of food items per kg ,Chicken,4,29339.81447
89,Iran,Price of food items per kg ,Bread,4,4397.151845
89,Iran,Price of food items per kg ,Milk,4,5204.334014
89,Iran,Price of food items per kg ,Sugar,8,25821.24098
89,Iran,Price of food items per kg ,Yogurt,8,10063.91819
89,Iran,Price of food items per kg ,Chicken,8,30106.63155
89,Iran,Price of food items per kg ,Rice,10,20441.05503
89,Iran,Price of food items per kg ,Fish,8,62068.58161
89,Iran,Price of food items per kg ,Fruit,5,10634.68455
89,Iran,Price of food items per kg ,Chicken,5,29419.18456
89,Iran,Price of food items per kg ,Bread,5,4369.497262
89,Iran,Price of food items per kg ,Milk,5,5824.378496
89,Iran,Price of food items per kg ,Meat,5,114704.1029
89,Iran,Price of food items per kg ,Sugar,5,21695.10387
89,Iran,Price of food items per kg ,Fish,5,60326.18343
89,Iran,Price of food items per kg ,Yogurt,5,10291.09623
89,Iran,Price of food items per kg ,Rice,5,17853.67698
89,Iran,Price of food items per kg ,Yogurt,3,10235.25585
89,Iran,Price of food items per kg ,Meat,3,114687.1979
89,Iran,Price of food items per kg ,Chicken,3,28904.74429
89,Iran,Price of food items per kg ,Meat,2,110977.6885
89,Iran,Price of food items per kg ,Yogurt,2,10162.79084
89,Iran,Price of food items per kg ,Fruit,2,10067.08424
89,Iran,Price of food items per kg ,Bread,2,3778.664173
89,Iran,Price of food items per kg ,Milk,2,5216.370122
89,Iran,Price of food items per kg ,Rice,3,17162.04516
89,Iran,Price of food items per kg ,Fish,4,61044.27561
89,Iran,Price of food items per kg ,Fruit,1,9356.284129
89,Iran,Price of food items per kg ,Bread,1,3789.58824
89,Iran,Price of food items per kg ,Milk,1,4761.95578
89,Iran,Price of food items per kg ,Sugar,2,19734.4638
89,Iran,Price of food items per kg ,Fish,2,59343.3364
89,Iran,Price of food items per kg ,Chicken,2,28954.87418
89,Iran,Price of food items per kg ,Rice,1,16306.23308
89,Iran,Price of food items per kg ,Sugar,1,17258.1183
89,Iran,Price of food items per kg ,Yogurt,1,9888.052762
89,Iran,Price of food items per kg ,Fish,3,59019.20475
89,Iran,Price of food items per kg ,Rice,2,16702.16788
89,Iran,Price of food items per kg ,Meat,1,109506.5092
89,Iran,Price of food items per kg ,Rice,4,17407.55936
89,Iran,Price of food items per kg ,Chicken,1,28189.3852
89,Iran,Price of food items per kg ,Fish,1,59126.48111
88,Iran,Price of food items per kg ,Meat,6,90983.72293
88,Iran,Price of food items per kg ,Rice,6,17632.09081
88,Iran,Price of food items per kg ,Sugar,6,17279.27207
88,Iran,Price of food items per kg ,Fish,6,56000.43416
88,Iran,Price of food items per kg ,Fruit,6,10552.30729
88,Iran,Price of food items per kg ,Bread,6,2891.146084
88,Iran,Price of food items per kg ,Milk,6,4509.111522
88,Iran,Price of food items per kg ,Meat,7,89638.56758
88,Iran,Price of food items per kg ,Rice,7,18062.64961
88,Iran,Price of food items per kg ,Sugar,7,18635.63228
88,Iran,Price of food items per kg ,Fish,7,55506.47431
88,Iran,Price of food items per kg ,Yogurt,7,9290.588597
88,Iran,Price of food items per kg ,Fruit,7,10360.62082
88,Iran,Price of food items per kg ,Chicken,7,24800.23767
88,Iran,Price of food items per kg ,Bread,7,2801.094153
88,Iran,Price of food items per kg ,Milk,7,4445.415756
88,Iran,Price of food items per kg ,Sugar,5,16425.57537
88,Iran,Price of food items per kg ,Fish,5,56397.43217
88,Iran,Price of food items per kg ,Bread,5,2752.282282
88,Iran,Price of food items per kg ,Sugar,3,13759.03779
88,Iran,Price of food items per kg ,Yogurt,3,9399.098302
88,Iran,Price of food items per kg ,Fruit,3,9546.004682
88,Iran,Price of food items per kg ,Bread,3,2579.194185
88,Iran,Price of food items per kg ,Milk,3,4685.947039
88,Iran,Price of food items per kg ,Chicken,6,25158.55994
88,Iran,Price of food items per kg ,Meat,10,91281.48687
88,Iran,Price of food items per kg ,Rice,10,19901.27249
88,Iran,Price of food items per kg ,Sugar,10,24914.448
88,Iran,Price of food items per kg ,Yogurt,10,9590.990616
88,Iran,Price of food items per kg ,Fruit,10,11695.6978
88,Iran,Price of food items per kg ,Bread,10,3579.381005
88,Iran,Price of food items per kg ,Milk,10,5453.98416
88,Iran,Price of food items per kg ,Meat,9,91339.78634
88,Iran,Price of food items per kg ,Sugar,9,21904.35875
88,Iran,Price of food items per kg ,Fish,9,57202.69567
88,Iran,Price of food items per kg ,Fruit,9,11196.51429
88,Iran,Price of food items per kg ,Chicken,9,25441.9655
88,Iran,Price of food items per kg ,Bread,9,3234.14246
88,Iran,Price of food items per kg ,Milk,9,4995.072116
88,Iran,Price of food items per kg ,Yogurt,9,9515.090384
88,Iran,Price of food items per kg ,Fish,10,60844.92616
88,Iran,Price of food items per kg ,Chicken,10,25800.80434
88,Iran,Price of food items per kg ,Meat,8,90385.70683
88,Iran,Price of food items per kg ,Rice,8,18345.33479
88,Iran,Price of food items per kg ,Sugar,8,19453.25735
88,Iran,Price of food items per kg ,Fruit,8,10801.41742
88,Iran,Price of food items per kg ,Chicken,8,25125.01067
88,Iran,Price of food items per kg ,Bread,8,2957.826248
88,Iran,Price of food items per kg ,Milk,8,4623.155907
88,Iran,Price of food items per kg ,Meat,5,90783.09646
88,Iran,Price of food items per kg ,Yogurt,5,9589.453311
88,Iran,Price of food items per kg ,Fruit,5,10108.07596
88,Iran,Price of food items per kg ,Milk,5,4675.182736
88,Iran,Price of food items per kg ,Rice,5,17326.53329
88,Iran,Price of food items per kg ,Chicken,5,24644.68598
88,Iran,Price of food items per kg ,Yogurt,6,9432.168878
88,Iran,Price of food items per kg ,Meat,4,91018.89677
88,Iran,Price of food items per kg ,Rice,4,16502.70517
88,Iran,Price of food items per kg ,Sugar,4,14129.11188
88,Iran,Price of food items per kg ,Fruit,4,9866.615273
88,Iran,Price of food items per kg ,Chicken,4,25128.46987
88,Iran,Price of food items per kg ,Bread,4,2625.254362
88,Iran,Price of food items per kg ,Milk,4,4045.857704
88,Iran,Price of food items per kg ,Fish,3,53980.81553
88,Iran,Price of food items per kg ,Chicken,3,24571.26177
88,Iran,Price of food items per kg ,Yogurt,8,9388.948201
88,Iran,Price of food items per kg ,Fish,8,56257.6473
88,Iran,Price of food items per kg ,Sugar,2,13300.71432
88,Iran,Price of food items per kg ,Fish,2,60263.89298
88,Iran,Price of food items per kg ,Fruit,2,9331.11578
88,Iran,Price of food items per kg ,Bread,2,2471.785187
88,Iran,Price of food items per kg ,Milk,2,4166.766377
88,Iran,Price of food items per kg ,Rice,9,18735.34951
88,Iran,Price of food items per kg ,Sugar,1,11039.72278
88,Iran,Price of food items per kg ,Fruit,1,9169.474088
88,Iran,Price of food items per kg ,Chicken,1,23834.28335
88,Iran,Price of food items per kg ,Bread,1,2423.247861
88,Iran,Price of food items per kg ,Milk,1,3415.620533
88,Iran,Price of food items per kg ,Rice,3,16415.00459
88,Iran,Price of food items per kg ,Meat,2,91824.54773
88,Iran,Price of food items per kg ,Yogurt,2,9741.559072
88,Iran,Price of food items per kg ,Chicken,2,24284.52974
88,Iran,Price of food items per kg ,Meat,3,88950.87896
88,Iran,Price of food items per kg ,Meat,1,92680.90446
88,Iran,Price of food items per kg ,Rice,2,16140.58747
88,Iran,Price of food items per kg ,Fish,1,51694.0386
88,Iran,Price of food items per kg ,Fish,4,56110.06046
88,Iran,Price of food items per kg ,Yogurt,1,9487.763105
88,Iran,Price of food items per kg ,Yogurt,4,9688.086566
88,Iran,Price of food items per kg ,Rice,1,15378.15075
87,Iran,Price of food items per kg ,Sugar,2,10789.61914
87,Iran,Price of food items per kg ,Chicken,2,23708.65052
87,Iran,Price of food items per kg ,Bread,2,2008.446706
87,Iran,Price of food items per kg ,Milk,2,3734.059096
87,Iran,Price of food items per kg ,Meat,3,69816.96522
87,Iran,Price of food items per kg ,Rice,3,18124.69526
87,Iran,Price of food items per kg ,Sugar,3,12301.17333
87,Iran,Price of food items per kg ,Fish,3,50812.1194
87,Iran,Price of food items per kg ,Yogurt,3,8290.709418
87,Iran,Price of food items per kg ,Chicken,3,23930.55035
87,Iran,Price of food items per kg ,Bread,3,1986.32054
87,Iran,Price of food items per kg ,Milk,3,3842.148652
87,Iran,Price of food items per kg ,Fruit,3,7812.049119
87,Iran,Price of food items per kg ,Meat,1,70308.93213
87,Iran,Price of food items per kg ,Chicken,1,22822.5316
87,Iran,Price of food items per kg ,Bread,1,1875.037308
87,Iran,Price of food items per kg ,Milk,1,3449.999951
87,Iran,Price of food items per kg ,Meat,6,70110.60552
87,Iran,Price of food items per kg ,Fish,6,52209.70581
87,Iran,Price of food items per kg ,Yogurt,6,8513.32491
87,Iran,Price of food items per kg ,Fruit,6,8410.370659
87,Iran,Price of food items per kg ,Chicken,6,24290.652
87,Iran,Price of food items per kg ,Bread,6,2107.187555
87,Iran,Price of food items per kg ,Milk,6,4843.820752
87,Iran,Price of food items per kg ,Meat,8,69868.38361
87,Iran,Price of food items per kg ,Rice,8,20904.33828
87,Iran,Price of food items per kg ,Sugar,8,16769.42971
87,Iran,Price of food items per kg ,Fish,8,51682.39682
87,Iran,Price of food items per kg ,Yogurt,8,8508.501738
87,Iran,Price of food items per kg ,Fruit,8,8994.719476
87,Iran,Price of food items per kg ,Chicken,8,24681.81278
87,Iran,Price of food items per kg ,Bread,8,2303.400661
87,Iran,Price of food items per kg ,Milk,8,4652.920778
87,Iran,Price of food items per kg ,Meat,7,69610.9683
87,Iran,Price of food items per kg ,Rice,7,20061.50741
87,Iran,Price of food items per kg ,Sugar,7,15251.43078
87,Iran,Price of food items per kg ,Fish,7,52779.37789
87,Iran,Price of food items per kg ,Yogurt,7,8363.156362
87,Iran,Price of food items per kg ,Fruit,7,8572.682766
87,Iran,Price of food items per kg ,Chicken,7,24576.87957
87,Iran,Price of food items per kg ,Bread,7,2212.463352
87,Iran,Price of food items per kg ,Milk,7,4799.350361
87,Iran,Price of food items per kg ,Sugar,5,13993.41542
87,Iran,Price of food items per kg ,Fish,5,51946.32065
87,Iran,Price of food items per kg ,Yogurt,5,8538.388837
87,Iran,Price of food items per kg ,Fruit,5,8165.71732
87,Iran,Price of food items per kg ,Bread,5,2104.000634
87,Iran,Price of food items per kg ,Meat,9,69155.9946
87,Iran,Price of food items per kg ,Sugar,9,18228.352
87,Iran,Price of food items per kg ,Fish,9,52707.8234
87,Iran,Price of food items per kg ,Fruit,9,9136.886376
87,Iran,Price of food items per kg ,Chicken,9,24855.35256
87,Iran,Price of food items per kg ,Bread,9,2373.690567
87,Iran,Price of food items per kg ,Milk,9,4962.983272
87,Iran,Price of food items per kg ,Rice,9,21161.26023
87,Iran,Price of food items per kg ,Yogurt,9,8558.502016
87,Iran,Price of food items per kg ,Meat,5,70001.98278
87,Iran,Price of food items per kg ,Milk,5,4330.385632
87,Iran,Price of food items per kg ,Yogurt,10,8742.294088
87,Iran,Price of food items per kg ,Fruit,10,9778.157845
87,Iran,Price of food items per kg ,Chicken,10,25010.96113
87,Iran,Price of food items per kg ,Milk,10,4999.044606
87,Iran,Price of food items per kg ,Meat,10,68568.09978
87,Iran,Price of food items per kg ,Rice,10,22261.61943
87,Iran,Price of food items per kg ,Sugar,10,20305.8708
87,Iran,Price of food items per kg ,Fish,10,55511.37393
87,Iran,Price of food items per kg ,Bread,10,2651.110039
87,Iran,Price of food items per kg ,Meat,2,72540.86367
87,Iran,Price of food items per kg ,Fish,2,50191.26997
87,Iran,Price of food items per kg ,Yogurt,2,8414.216415
87,Iran,Price of food items per kg ,Fruit,2,7693.745951
87,Iran,Price of food items per kg ,Meat,4,70360.99912
87,Iran,Price of food items per kg ,Rice,4,18551.3029
87,Iran,Price of food items per kg ,Sugar,4,12993.01828
87,Iran,Price of food items per kg ,Yogurt,4,8293.46797
87,Iran,Price of food items per kg ,Fruit,4,7970.436699
87,Iran,Price of food items per kg ,Chicken,4,23849.03928
87,Iran,Price of food items per kg ,Bread,4,2067.882704
87,Iran,Price of food items per kg ,Chicken,5,24175.90766
87,Iran,Price of food items per kg ,Rice,5,19162.338
87,Iran,Price of food items per kg ,Rice,1,15842.90153
87,Iran,Price of food items per kg ,Sugar,1,9630.586972
87,Iran,Price of food items per kg ,Yogurt,1,8219.503028
87,Iran,Price of food items per kg ,Fruit,1,7235.629536
87,Iran,Price of food items per kg ,Sugar,6,14737.04962
87,Iran,Price of food items per kg ,Milk,4,4116.224187
87,Iran,Price of food items per kg ,Rice,6,19424.30719
87,Iran,Price of food items per kg ,Rice,2,17316.49043
87,Iran,Price of food items per kg ,Fish,4,49378.56558
87,Iran,Price of food items per kg ,Fish,1,49476.17512
